"grammar","algo","chunk_size","chunk_id","chunk_time","control_sum"
"g2","SingleSourceAlgoBrute",16,0,0.0007889270782470703,3
"g2","SingleSourceAlgoBrute",16,1,0.0003631114959716797,6
"g2","SingleSourceAlgoBrute",16,2,0.001016378402709961,2
"g2","SingleSourceAlgoBrute",16,3,0.0007188320159912109,6
"g2","SingleSourceAlgoBrute",16,4,0.00036072731018066406,0
"g2","SingleSourceAlgoBrute",16,5,0.0003554821014404297,2
"g2","SingleSourceAlgoBrute",16,6,0.00035691261291503906,1
"g2","SingleSourceAlgoBrute",16,7,0.0006053447723388672,2
"g2","SingleSourceAlgoBrute",16,8,0.0003783702850341797,5
"g2","SingleSourceAlgoBrute",16,9,0.0007414817810058594,3
"g2","SingleSourceAlgoBrute",16,10,0.0003681182861328125,1
"g2","SingleSourceAlgoBrute",16,11,0.0003631114959716797,2
"g2","SingleSourceAlgoBrute",16,12,0.0007450580596923828,5
"g2","SingleSourceAlgoBrute",16,13,0.00036835670471191406,3
"g2","SingleSourceAlgoBrute",16,14,0.0003681182861328125,1
"g2","SingleSourceAlgoBrute",16,15,0.001386880874633789,5
"g2","SingleSourceAlgoBrute",16,16,0.0006465911865234375,2
"g2","SingleSourceAlgoBrute",16,17,0.0003883838653564453,3
"g2","SingleSourceAlgoBrute",16,18,0.00038242340087890625,1
"g2","SingleSourceAlgoBrute",16,19,0.0006365776062011719,4
"g2","SingleSourceAlgoBrute",16,20,0.0003764629364013672,1
"g2","SingleSourceAlgoBrute",16,21,0.00072479248046875,4
"g2","SingleSourceAlgoBrute",16,22,0.00035858154296875,1
"g2","SingleSourceAlgoBrute",16,23,0.0013713836669921875,4
"g2","SingleSourceAlgoBrute",16,24,0.0003650188446044922,5
"g2","SingleSourceAlgoBrute",16,25,0.0003561973571777344,2
"g2","SingleSourceAlgoBrute",16,26,0.00035834312438964844,2
"g2","SingleSourceAlgoBrute",16,27,0.0007066726684570312,2
"g2","SingleSourceAlgoBrute",16,28,0.00036025047302246094,4
"g2","SingleSourceAlgoBrute",16,29,0.0003561973571777344,2
"g2","SingleSourceAlgoBrute",16,30,0.0009555816650390625,8
"g2","SingleSourceAlgoBrute",16,31,0.0005714893341064453,1
"g2","SingleSourceAlgoBrute",16,32,0.0009207725524902344,6
"g2","SingleSourceAlgoBrute",16,33,0.0003609657287597656,4
"g2","SingleSourceAlgoBrute",16,34,0.00035881996154785156,3
"g2","SingleSourceAlgoBrute",16,35,0.0007464885711669922,4
"g2","SingleSourceAlgoBrute",16,36,0.0003867149353027344,6
"g2","SingleSourceAlgoBrute",16,37,0.0003559589385986328,3
"g2","SingleSourceAlgoBrute",16,38,0.00035500526428222656,4
"g2","SingleSourceAlgoBrute",16,39,0.00035500526428222656,2
"g2","SingleSourceAlgoBrute",16,40,0.00035691261291503906,2
"g2","SingleSourceAlgoBrute",16,41,0.0003566741943359375,2
"g2","SingleSourceAlgoBrute",16,42,0.0006883144378662109,2
"g2","SingleSourceAlgoBrute",16,43,0.0007359981536865234,2
"g2","SingleSourceAlgoBrute",16,44,0.000370025634765625,1
"g2","SingleSourceAlgoBrute",16,45,0.0014615058898925781,2
"g2","SingleSourceAlgoBrute",16,46,0.00036334991455078125,1
"g2","SingleSourceAlgoBrute",16,47,0.0009381771087646484,2
"g2","SingleSourceAlgoBrute",16,48,0.0006239414215087891,2
"g2","SingleSourceAlgoBrute",16,49,0.0003609657287597656,1
"g2","SingleSourceAlgoBrute",16,50,0.0005910396575927734,2
"g2","SingleSourceAlgoBrute",16,51,0.0005877017974853516,3
"g2","SingleSourceAlgoBrute",16,52,0.0012602806091308594,3
"g2","SingleSourceAlgoBrute",16,53,0.0003600120544433594,1
"g2","SingleSourceAlgoBrute",16,54,0.00035691261291503906,1
"g2","SingleSourceAlgoBrute",16,55,0.0003540515899658203,3
"g2","SingleSourceAlgoBrute",16,56,0.0005993843078613281,1
"g2","SingleSourceAlgoBrute",16,57,0.0003592967987060547,2
"g2","SingleSourceAlgoBrute",16,58,0.00035643577575683594,3
"g2","SingleSourceAlgoBrute",16,59,0.0005640983581542969,1
"g2","SingleSourceAlgoBrute",16,60,0.0003571510314941406,1
"g2","SingleSourceAlgoBrute",16,61,0.0003540515899658203,0
"g2","SingleSourceAlgoBrute",16,62,0.0006866455078125,2
"g2","SingleSourceAlgoBrute",16,63,0.0003552436828613281,3
"g2","SingleSourceAlgoBrute",16,64,0.0009005069732666016,0
"g2","SingleSourceAlgoBrute",16,65,0.0005676746368408203,2
"g2","SingleSourceAlgoBrute",16,66,0.000698089599609375,7
"g2","SingleSourceAlgoBrute",16,67,0.00035881996154785156,1
"g2","SingleSourceAlgoBrute",16,68,0.0003554821014404297,1
"g2","SingleSourceAlgoBrute",16,69,0.0012247562408447266,2
"g2","SingleSourceAlgoBrute",16,70,0.0003638267517089844,2
"g2","SingleSourceAlgoBrute",16,71,0.0006995201110839844,1
"g2","SingleSourceAlgoBrute",16,72,0.0010101795196533203,1
"g2","SingleSourceAlgoBrute",16,73,0.0006060600280761719,2
"g2","SingleSourceAlgoBrute",16,74,0.0003590583801269531,3
"g2","SingleSourceAlgoBrute",16,75,0.002007722854614258,4
"g2","SingleSourceAlgoBrute",16,76,0.0005865097045898438,3
"g2","SingleSourceAlgoBrute",16,77,0.0007474422454833984,4
"g2","SingleSourceAlgoBrute",16,78,0.0007104873657226562,3
"g2","SingleSourceAlgoBrute",16,79,0.0003578662872314453,5
"g2","SingleSourceAlgoBrute",16,80,0.0005605220794677734,2
"g2","SingleSourceAlgoBrute",16,81,0.00036215782165527344,0
"g2","SingleSourceAlgoBrute",16,82,0.0003437995910644531,3
"g2","SingleSourceAlgoBrute",32,0,0.0008366107940673828,9
"g2","SingleSourceAlgoBrute",32,1,0.0011072158813476562,8
"g2","SingleSourceAlgoBrute",32,2,0.0004036426544189453,2
"g2","SingleSourceAlgoBrute",32,3,0.0006663799285888672,3
"g2","SingleSourceAlgoBrute",32,4,0.0008118152618408203,8
"g2","SingleSourceAlgoBrute",32,5,0.0004177093505859375,3
"g2","SingleSourceAlgoBrute",32,6,0.0008070468902587891,8
"g2","SingleSourceAlgoBrute",32,7,0.001508951187133789,6
"g2","SingleSourceAlgoBrute",32,8,0.0006763935089111328,5
"g2","SingleSourceAlgoBrute",32,9,0.0007443428039550781,5
"g2","SingleSourceAlgoBrute",32,10,0.0008182525634765625,5
"g2","SingleSourceAlgoBrute",32,11,0.0014734268188476562,5
"g2","SingleSourceAlgoBrute",32,12,0.00041031837463378906,7
"g2","SingleSourceAlgoBrute",32,13,0.0007886886596679688,4
"g2","SingleSourceAlgoBrute",32,14,0.0004372596740722656,6
"g2","SingleSourceAlgoBrute",32,15,0.0010271072387695312,9
"g2","SingleSourceAlgoBrute",32,16,0.0010313987731933594,10
"g2","SingleSourceAlgoBrute",32,17,0.0008232593536376953,7
"g2","SingleSourceAlgoBrute",32,18,0.00039768218994140625,9
"g2","SingleSourceAlgoBrute",32,19,0.0004398822784423828,6
"g2","SingleSourceAlgoBrute",32,20,0.00040650367736816406,4
"g2","SingleSourceAlgoBrute",32,21,0.0007977485656738281,4
"g2","SingleSourceAlgoBrute",32,22,0.0015194416046142578,3
"g2","SingleSourceAlgoBrute",32,23,0.0011019706726074219,3
"g2","SingleSourceAlgoBrute",32,24,0.0006868839263916016,3
"g2","SingleSourceAlgoBrute",32,25,0.0006763935089111328,5
"g2","SingleSourceAlgoBrute",32,26,0.0013463497161865234,4
"g2","SingleSourceAlgoBrute",32,27,0.0004012584686279297,4
"g2","SingleSourceAlgoBrute",32,28,0.0007412433624267578,3
"g2","SingleSourceAlgoBrute",32,29,0.0006272792816162109,4
"g2","SingleSourceAlgoBrute",32,30,0.00039696693420410156,1
"g2","SingleSourceAlgoBrute",32,31,0.0007467269897460938,5
"g2","SingleSourceAlgoBrute",32,32,0.0010256767272949219,2
"g2","SingleSourceAlgoBrute",32,33,0.0007710456848144531,8
"g2","SingleSourceAlgoBrute",32,34,0.0013523101806640625,3
"g2","SingleSourceAlgoBrute",32,35,0.0007627010345458984,3
"g2","SingleSourceAlgoBrute",32,36,0.00112152099609375,3
"g2","SingleSourceAlgoBrute",32,37,0.0021119117736816406,7
"g2","SingleSourceAlgoBrute",32,38,0.00081634521484375,7
"g2","SingleSourceAlgoBrute",32,39,0.0007681846618652344,8
"g2","SingleSourceAlgoBrute",32,40,0.0006220340728759766,2
"g2","SingleSourceAlgoBrute",32,41,0.0003447532653808594,3
"g2","SingleSourceAlgoBrute",64,0,0.0014731884002685547,17
"g2","SingleSourceAlgoBrute",64,1,0.0008285045623779297,5
"g2","SingleSourceAlgoBrute",64,2,0.0009267330169677734,11
"g2","SingleSourceAlgoBrute",64,3,0.0018315315246582031,14
"g2","SingleSourceAlgoBrute",64,4,0.0008502006530761719,10
"g2","SingleSourceAlgoBrute",64,5,0.0016241073608398438,10
"g2","SingleSourceAlgoBrute",64,6,0.0009465217590332031,11
"g2","SingleSourceAlgoBrute",64,7,0.0011675357818603516,15
"g2","SingleSourceAlgoBrute",64,8,0.0012214183807373047,17
"g2","SingleSourceAlgoBrute",64,9,0.0004813671112060547,15
"g2","SingleSourceAlgoBrute",64,10,0.0009505748748779297,8
"g2","SingleSourceAlgoBrute",64,11,0.0018830299377441406,6
"g2","SingleSourceAlgoBrute",64,12,0.0008716583251953125,8
"g2","SingleSourceAlgoBrute",64,13,0.001627206802368164,8
"g2","SingleSourceAlgoBrute",64,14,0.0008199214935302734,7
"g2","SingleSourceAlgoBrute",64,15,0.0008971691131591797,6
"g2","SingleSourceAlgoBrute",64,16,0.0012290477752685547,10
"g2","SingleSourceAlgoBrute",64,17,0.001585245132446289,6
"g2","SingleSourceAlgoBrute",64,18,0.002682924270629883,10
"g2","SingleSourceAlgoBrute",64,19,0.0009710788726806641,15
"g2","SingleSourceAlgoBrute",64,20,0.0006697177886962891,5
"g2","SingleSourceAlgoBrute",100,0,0.001580953598022461,19
"g2","SingleSourceAlgoBrute",100,1,0.0011587142944335938,15
"g2","SingleSourceAlgoBrute",100,2,0.0021028518676757812,18
"g2","SingleSourceAlgoBrute",100,3,0.0021250247955322266,20
"g2","SingleSourceAlgoBrute",100,4,0.0013670921325683594,20
"g2","SingleSourceAlgoBrute",100,5,0.0014421939849853516,25
"g2","SingleSourceAlgoBrute",100,6,0.0010554790496826172,15
"g2","SingleSourceAlgoBrute",100,7,0.0023322105407714844,10
"g2","SingleSourceAlgoBrute",100,8,0.0019421577453613281,13
"g2","SingleSourceAlgoBrute",100,9,0.0010945796966552734,9
"g2","SingleSourceAlgoBrute",100,10,0.0013875961303710938,15
"g2","SingleSourceAlgoBrute",100,11,0.001905202865600586,11
"g2","SingleSourceAlgoBrute",100,12,0.002862691879272461,21
"g2","SingleSourceAlgoBrute",100,13,0.0004100799560546875,3
"g2","SingleSourceAlgoBrute",500,0,0.004004240036010742,92
"g2","SingleSourceAlgoBrute",500,1,0.0041353702545166016,72
"g2","SingleSourceAlgoBrute",500,2,0.0036134719848632812,50
"g2","SingleSourceAlgoBrute",1000,0,0.007214784622192383,164
"g2","SingleSourceAlgoBrute",1000,1,0.003557920455932617,50
"g2","SingleSourceAlgoBrute",5000,0,0.006860971450805664,214
"g2","SingleSourceAlgoBrute",10000,0,0.006936788558959961,214
"g2","SingleSourceAlgoBrute",1323,0,0.006814002990722656,214
"geo","SingleSourceAlgoBrute",16,0,0.00043964385986328125,0
"geo","SingleSourceAlgoBrute",16,1,0.0003845691680908203,0
"geo","SingleSourceAlgoBrute",16,2,0.0003764629364013672,0
"geo","SingleSourceAlgoBrute",16,3,0.00038170814514160156,0
"geo","SingleSourceAlgoBrute",16,4,0.00036454200744628906,0
"geo","SingleSourceAlgoBrute",16,5,0.0003628730773925781,0
"geo","SingleSourceAlgoBrute",16,6,0.00036525726318359375,0
"geo","SingleSourceAlgoBrute",16,7,0.0003662109375,0
"geo","SingleSourceAlgoBrute",16,8,0.0003876686096191406,0
"geo","SingleSourceAlgoBrute",16,9,0.00038695335388183594,0
"geo","SingleSourceAlgoBrute",16,10,0.00037097930908203125,0
"geo","SingleSourceAlgoBrute",16,11,0.00037097930908203125,0
"geo","SingleSourceAlgoBrute",16,12,0.00037026405334472656,0
"geo","SingleSourceAlgoBrute",16,13,0.00037169456481933594,0
"geo","SingleSourceAlgoBrute",16,14,0.0003829002380371094,0
"geo","SingleSourceAlgoBrute",16,15,0.0003819465637207031,0
"geo","SingleSourceAlgoBrute",16,16,0.00036978721618652344,0
"geo","SingleSourceAlgoBrute",16,17,0.0003979206085205078,0
"geo","SingleSourceAlgoBrute",16,18,0.00037026405334472656,0
"geo","SingleSourceAlgoBrute",16,19,0.0003712177276611328,0
"geo","SingleSourceAlgoBrute",16,20,0.000370025634765625,0
"geo","SingleSourceAlgoBrute",16,21,0.00037217140197753906,0
"geo","SingleSourceAlgoBrute",16,22,0.00038623809814453125,0
"geo","SingleSourceAlgoBrute",16,23,0.0003795623779296875,0
"geo","SingleSourceAlgoBrute",16,24,0.0003795623779296875,0
"geo","SingleSourceAlgoBrute",16,25,0.0003857612609863281,0
"geo","SingleSourceAlgoBrute",16,26,0.00038051605224609375,0
"geo","SingleSourceAlgoBrute",16,27,0.0003960132598876953,0
"geo","SingleSourceAlgoBrute",16,28,0.00036454200744628906,0
"geo","SingleSourceAlgoBrute",16,29,0.00036406517028808594,0
"geo","SingleSourceAlgoBrute",16,30,0.0003619194030761719,0
"geo","SingleSourceAlgoBrute",16,31,0.0003638267517089844,0
"geo","SingleSourceAlgoBrute",16,32,0.0003619194030761719,0
"geo","SingleSourceAlgoBrute",16,33,0.0003619194030761719,0
"geo","SingleSourceAlgoBrute",16,34,0.0003635883331298828,0
"geo","SingleSourceAlgoBrute",16,35,0.0003628730773925781,0
"geo","SingleSourceAlgoBrute",16,36,0.0003631114959716797,0
"geo","SingleSourceAlgoBrute",16,37,0.00040340423583984375,0
"geo","SingleSourceAlgoBrute",16,38,0.0003616809844970703,0
"geo","SingleSourceAlgoBrute",16,39,0.0003612041473388672,0
"geo","SingleSourceAlgoBrute",16,40,0.00036334991455078125,0
"geo","SingleSourceAlgoBrute",16,41,0.0003628730773925781,0
"geo","SingleSourceAlgoBrute",16,42,0.00036215782165527344,0
"geo","SingleSourceAlgoBrute",16,43,0.0003628730773925781,0
"geo","SingleSourceAlgoBrute",16,44,0.0003616809844970703,0
"geo","SingleSourceAlgoBrute",16,45,0.0003619194030761719,0
"geo","SingleSourceAlgoBrute",16,46,0.0003638267517089844,0
"geo","SingleSourceAlgoBrute",16,47,0.00036978721618652344,0
"geo","SingleSourceAlgoBrute",16,48,0.0003628730773925781,0
"geo","SingleSourceAlgoBrute",16,49,0.00036334991455078125,0
"geo","SingleSourceAlgoBrute",16,50,0.0003612041473388672,0
"geo","SingleSourceAlgoBrute",16,51,0.00036215782165527344,0
"geo","SingleSourceAlgoBrute",16,52,0.0003600120544433594,0
"geo","SingleSourceAlgoBrute",16,53,0.0003829002380371094,0
"geo","SingleSourceAlgoBrute",16,54,0.00037288665771484375,0
"geo","SingleSourceAlgoBrute",16,55,0.0003719329833984375,0
"geo","SingleSourceAlgoBrute",16,56,0.0003726482391357422,0
"geo","SingleSourceAlgoBrute",16,57,0.00039887428283691406,0
"geo","SingleSourceAlgoBrute",16,58,0.0003619194030761719,0
"geo","SingleSourceAlgoBrute",16,59,0.0003714561462402344,0
"geo","SingleSourceAlgoBrute",16,60,0.00036025047302246094,0
"geo","SingleSourceAlgoBrute",16,61,0.0003616809844970703,0
"geo","SingleSourceAlgoBrute",16,62,0.00036215782165527344,0
"geo","SingleSourceAlgoBrute",16,63,0.00036263465881347656,0
"geo","SingleSourceAlgoBrute",16,64,0.000362396240234375,0
"geo","SingleSourceAlgoBrute",16,65,0.0003612041473388672,0
"geo","SingleSourceAlgoBrute",16,66,0.0003628730773925781,0
"geo","SingleSourceAlgoBrute",16,67,0.0003612041473388672,0
"geo","SingleSourceAlgoBrute",16,68,0.00036835670471191406,0
"geo","SingleSourceAlgoBrute",16,69,0.0003619194030761719,0
"geo","SingleSourceAlgoBrute",16,70,0.00036215782165527344,0
"geo","SingleSourceAlgoBrute",16,71,0.00036144256591796875,0
"geo","SingleSourceAlgoBrute",16,72,0.0003609657287597656,0
"geo","SingleSourceAlgoBrute",16,73,0.00036215782165527344,0
"geo","SingleSourceAlgoBrute",16,74,0.0003619194030761719,0
"geo","SingleSourceAlgoBrute",16,75,0.0003619194030761719,0
"geo","SingleSourceAlgoBrute",16,76,0.000362396240234375,0
"geo","SingleSourceAlgoBrute",16,77,0.0003612041473388672,0
"geo","SingleSourceAlgoBrute",16,78,0.00036978721618652344,0
"geo","SingleSourceAlgoBrute",16,79,0.0003628730773925781,0
"geo","SingleSourceAlgoBrute",16,80,0.0003612041473388672,0
"geo","SingleSourceAlgoBrute",16,81,0.0003604888916015625,0
"geo","SingleSourceAlgoBrute",16,82,0.00034332275390625,0
"geo","SingleSourceAlgoBrute",32,0,0.0005092620849609375,0
"geo","SingleSourceAlgoBrute",32,1,0.000438690185546875,0
"geo","SingleSourceAlgoBrute",32,2,0.0004382133483886719,0
"geo","SingleSourceAlgoBrute",32,3,0.0004353523254394531,0
"geo","SingleSourceAlgoBrute",32,4,0.0004355907440185547,0
"geo","SingleSourceAlgoBrute",32,5,0.00046825408935546875,0
"geo","SingleSourceAlgoBrute",32,6,0.0004520416259765625,0
"geo","SingleSourceAlgoBrute",32,7,0.00044918060302734375,0
"geo","SingleSourceAlgoBrute",32,8,0.0004429817199707031,0
"geo","SingleSourceAlgoBrute",32,9,0.0004420280456542969,0
"geo","SingleSourceAlgoBrute",32,10,0.0004849433898925781,0
"geo","SingleSourceAlgoBrute",32,11,0.0004520416259765625,0
"geo","SingleSourceAlgoBrute",32,12,0.0004515647888183594,0
"geo","SingleSourceAlgoBrute",32,13,0.00046944618225097656,0
"geo","SingleSourceAlgoBrute",32,14,0.0004737377166748047,0
"geo","SingleSourceAlgoBrute",32,15,0.000423431396484375,0
"geo","SingleSourceAlgoBrute",32,16,0.0004220008850097656,0
"geo","SingleSourceAlgoBrute",32,17,0.0004420280456542969,0
"geo","SingleSourceAlgoBrute",32,18,0.0004246234893798828,0
"geo","SingleSourceAlgoBrute",32,19,0.00042247772216796875,0
"geo","SingleSourceAlgoBrute",32,20,0.00042247772216796875,0
"geo","SingleSourceAlgoBrute",32,21,0.00042247772216796875,0
"geo","SingleSourceAlgoBrute",32,22,0.0004506111145019531,0
"geo","SingleSourceAlgoBrute",32,23,0.0004258155822753906,0
"geo","SingleSourceAlgoBrute",32,24,0.00042438507080078125,0
"geo","SingleSourceAlgoBrute",32,25,0.00042510032653808594,0
"geo","SingleSourceAlgoBrute",32,26,0.00042128562927246094,0
"geo","SingleSourceAlgoBrute",32,27,0.0004210472106933594,0
"geo","SingleSourceAlgoBrute",32,28,0.0004220008850097656,0
"geo","SingleSourceAlgoBrute",32,29,0.0004208087921142578,0
"geo","SingleSourceAlgoBrute",32,30,0.000423431396484375,0
"geo","SingleSourceAlgoBrute",32,31,0.00044798851013183594,0
"geo","SingleSourceAlgoBrute",32,32,0.00042057037353515625,0
"geo","SingleSourceAlgoBrute",32,33,0.0004208087921142578,0
"geo","SingleSourceAlgoBrute",32,34,0.00042176246643066406,0
"geo","SingleSourceAlgoBrute",32,35,0.00042247772216796875,0
"geo","SingleSourceAlgoBrute",32,36,0.00042319297790527344,0
"geo","SingleSourceAlgoBrute",32,37,0.00042176246643066406,0
"geo","SingleSourceAlgoBrute",32,38,0.0004208087921142578,0
"geo","SingleSourceAlgoBrute",32,39,0.0004229545593261719,0
"geo","SingleSourceAlgoBrute",32,40,0.00045108795166015625,0
"geo","SingleSourceAlgoBrute",32,41,0.00035643577575683594,0
"geo","SingleSourceAlgoBrute",64,0,0.00061798095703125,0
"geo","SingleSourceAlgoBrute",64,1,0.00054931640625,0
"geo","SingleSourceAlgoBrute",64,2,0.0005428791046142578,0
"geo","SingleSourceAlgoBrute",64,3,0.0005428791046142578,0
"geo","SingleSourceAlgoBrute",64,4,0.0005424022674560547,0
"geo","SingleSourceAlgoBrute",64,5,0.0005657672882080078,0
"geo","SingleSourceAlgoBrute",64,6,0.0005478858947753906,0
"geo","SingleSourceAlgoBrute",64,7,0.0005428791046142578,0
"geo","SingleSourceAlgoBrute",64,8,0.0005424022674560547,0
"geo","SingleSourceAlgoBrute",64,9,0.0005390644073486328,0
"geo","SingleSourceAlgoBrute",64,10,0.0005388259887695312,0
"geo","SingleSourceAlgoBrute",64,11,0.0005421638488769531,0
"geo","SingleSourceAlgoBrute",64,12,0.0005404949188232422,0
"geo","SingleSourceAlgoBrute",64,13,0.0005509853363037109,0
"geo","SingleSourceAlgoBrute",64,14,0.0005850791931152344,0
"geo","SingleSourceAlgoBrute",64,15,0.0005602836608886719,0
"geo","SingleSourceAlgoBrute",64,16,0.0005526542663574219,0
"geo","SingleSourceAlgoBrute",64,17,0.0005748271942138672,0
"geo","SingleSourceAlgoBrute",64,18,0.0005528926849365234,0
"geo","SingleSourceAlgoBrute",64,19,0.0005853176116943359,0
"geo","SingleSourceAlgoBrute",64,20,0.00046563148498535156,0
"geo","SingleSourceAlgoBrute",100,0,0.0007562637329101562,0
"geo","SingleSourceAlgoBrute",100,1,0.0006835460662841797,0
"geo","SingleSourceAlgoBrute",100,2,0.0006794929504394531,0
"geo","SingleSourceAlgoBrute",100,3,0.0006756782531738281,0
"geo","SingleSourceAlgoBrute",100,4,0.0006830692291259766,0
"geo","SingleSourceAlgoBrute",100,5,0.0007100105285644531,0
"geo","SingleSourceAlgoBrute",100,6,0.0006990432739257812,0
"geo","SingleSourceAlgoBrute",100,7,0.0007007122039794922,0
"geo","SingleSourceAlgoBrute",100,8,0.0006916522979736328,0
"geo","SingleSourceAlgoBrute",100,9,0.0006976127624511719,0
"geo","SingleSourceAlgoBrute",100,10,0.0007188320159912109,0
"geo","SingleSourceAlgoBrute",100,11,0.0006973743438720703,0
"geo","SingleSourceAlgoBrute",100,12,0.0006926059722900391,0
"geo","SingleSourceAlgoBrute",100,13,0.0004062652587890625,0
"geo","SingleSourceAlgoBrute",500,0,0.0022466182708740234,0
"geo","SingleSourceAlgoBrute",500,1,0.002321004867553711,0
"geo","SingleSourceAlgoBrute",500,2,0.0015764236450195312,0
"geo","SingleSourceAlgoBrute",1000,0,0.004127025604248047,0
"geo","SingleSourceAlgoBrute",1000,1,0.0015902519226074219,0
"geo","SingleSourceAlgoBrute",5000,0,0.005275249481201172,0
"geo","SingleSourceAlgoBrute",10000,0,0.00532221794128418,0
"geo","SingleSourceAlgoBrute",1323,0,0.005434751510620117,0
"g1","SingleSourceAlgoBrute",16,0,0.0030519962310791016,16
"g1","SingleSourceAlgoBrute",16,1,0.0009961128234863281,0
"g1","SingleSourceAlgoBrute",16,2,0.01150822639465332,25
"g1","SingleSourceAlgoBrute",16,3,0.0016460418701171875,7
"g1","SingleSourceAlgoBrute",16,4,0.0009913444519042969,0
"g1","SingleSourceAlgoBrute",16,5,0.0009512901306152344,0
"g1","SingleSourceAlgoBrute",16,6,0.0009737014770507812,0
"g1","SingleSourceAlgoBrute",16,7,0.0016965866088867188,2
"g1","SingleSourceAlgoBrute",16,8,0.0009801387786865234,0
"g1","SingleSourceAlgoBrute",16,9,0.0017948150634765625,7
"g1","SingleSourceAlgoBrute",16,10,0.002276897430419922,18
"g1","SingleSourceAlgoBrute",16,11,0.0009822845458984375,0
"g1","SingleSourceAlgoBrute",16,12,0.0016622543334960938,6
"g1","SingleSourceAlgoBrute",16,13,0.0009298324584960938,0
"g1","SingleSourceAlgoBrute",16,14,0.0016942024230957031,7
"g1","SingleSourceAlgoBrute",16,15,0.003499269485473633,8
"g1","SingleSourceAlgoBrute",16,16,0.0016903877258300781,2
"g1","SingleSourceAlgoBrute",16,17,0.0009307861328125,0
"g1","SingleSourceAlgoBrute",16,18,0.0009264945983886719,0
"g1","SingleSourceAlgoBrute",16,19,0.0016829967498779297,2
"g1","SingleSourceAlgoBrute",16,20,0.00092315673828125,0
"g1","SingleSourceAlgoBrute",16,21,0.0015523433685302734,5
"g1","SingleSourceAlgoBrute",16,22,0.000982522964477539,0
"g1","SingleSourceAlgoBrute",16,23,0.005980014801025391,23
"g1","SingleSourceAlgoBrute",16,24,0.0009319782257080078,0
"g1","SingleSourceAlgoBrute",16,25,0.0009322166442871094,0
"g1","SingleSourceAlgoBrute",16,26,0.0009272098541259766,0
"g1","SingleSourceAlgoBrute",16,27,0.0015726089477539062,5
"g1","SingleSourceAlgoBrute",16,28,0.001734018325805664,4
"g1","SingleSourceAlgoBrute",16,29,0.0009503364562988281,0
"g1","SingleSourceAlgoBrute",16,30,0.0024149417877197266,3
"g1","SingleSourceAlgoBrute",16,31,0.0015854835510253906,1
"g1","SingleSourceAlgoBrute",16,32,0.002483844757080078,7
"g1","SingleSourceAlgoBrute",16,33,0.0009262561798095703,0
"g1","SingleSourceAlgoBrute",16,34,0.0009310245513916016,0
"g1","SingleSourceAlgoBrute",16,35,0.007141828536987305,18
"g1","SingleSourceAlgoBrute",16,36,0.0009360313415527344,0
"g1","SingleSourceAlgoBrute",16,37,0.0009326934814453125,0
"g1","SingleSourceAlgoBrute",16,38,0.0017461776733398438,15
"g1","SingleSourceAlgoBrute",16,39,0.00165557861328125,7
"g1","SingleSourceAlgoBrute",16,40,0.0009307861328125,0
"g1","SingleSourceAlgoBrute",16,41,0.0009357929229736328,0
"g1","SingleSourceAlgoBrute",16,42,0.001558542251586914,2
"g1","SingleSourceAlgoBrute",16,43,0.0016055107116699219,3
"g1","SingleSourceAlgoBrute",16,44,0.0009279251098632812,0
"g1","SingleSourceAlgoBrute",16,45,0.005586147308349609,25
"g1","SingleSourceAlgoBrute",16,46,0.0009329319000244141,0
"g1","SingleSourceAlgoBrute",16,47,0.002534151077270508,3
"g1","SingleSourceAlgoBrute",16,48,0.0016965866088867188,1
"g1","SingleSourceAlgoBrute",16,49,0.0009353160858154297,0
"g1","SingleSourceAlgoBrute",16,50,0.0016202926635742188,2
"g1","SingleSourceAlgoBrute",16,51,0.0016210079193115234,1
"g1","SingleSourceAlgoBrute",16,52,0.003386974334716797,1
"g1","SingleSourceAlgoBrute",16,53,0.0009403228759765625,0
"g1","SingleSourceAlgoBrute",16,54,0.0016331672668457031,3
"g1","SingleSourceAlgoBrute",16,55,0.0009307861328125,0
"g1","SingleSourceAlgoBrute",16,56,0.001634836196899414,6
"g1","SingleSourceAlgoBrute",16,57,0.0009300708770751953,0
"g1","SingleSourceAlgoBrute",16,58,0.0009288787841796875,0
"g1","SingleSourceAlgoBrute",16,59,0.0015676021575927734,2
"g1","SingleSourceAlgoBrute",16,60,0.0009293556213378906,0
"g1","SingleSourceAlgoBrute",16,61,0.002122640609741211,16
"g1","SingleSourceAlgoBrute",16,62,0.0015685558319091797,3
"g1","SingleSourceAlgoBrute",16,63,0.0009520053863525391,0
"g1","SingleSourceAlgoBrute",16,64,0.002539396286010742,1
"g1","SingleSourceAlgoBrute",16,65,0.0016193389892578125,1
"g1","SingleSourceAlgoBrute",16,66,0.0016255378723144531,5
"g1","SingleSourceAlgoBrute",16,67,0.0016620159149169922,2
"g1","SingleSourceAlgoBrute",16,68,0.0009300708770751953,0
"g1","SingleSourceAlgoBrute",16,69,0.0031549930572509766,6
"g1","SingleSourceAlgoBrute",16,70,0.000934600830078125,0
"g1","SingleSourceAlgoBrute",16,71,0.0015692710876464844,3
"g1","SingleSourceAlgoBrute",16,72,0.0027785301208496094,6
"g1","SingleSourceAlgoBrute",16,73,0.001638650894165039,1
"g1","SingleSourceAlgoBrute",16,74,0.0016210079193115234,3
"g1","SingleSourceAlgoBrute",16,75,0.006281375885009766,13
"g1","SingleSourceAlgoBrute",16,76,0.0016131401062011719,3
"g1","SingleSourceAlgoBrute",16,77,0.0016057491302490234,7
"g1","SingleSourceAlgoBrute",16,78,0.001585245132446289,5
"g1","SingleSourceAlgoBrute",16,79,0.0015687942504882812,3
"g1","SingleSourceAlgoBrute",16,80,0.0015749931335449219,1
"g1","SingleSourceAlgoBrute",16,81,0.0009353160858154297,0
"g1","SingleSourceAlgoBrute",16,82,0.0008938312530517578,0
"g1","SingleSourceAlgoBrute",32,0,0.0030770301818847656,16
"g1","SingleSourceAlgoBrute",32,1,0.011824846267700195,32
"g1","SingleSourceAlgoBrute",32,2,0.0010612010955810547,0
"g1","SingleSourceAlgoBrute",32,3,0.00196075439453125,2
"g1","SingleSourceAlgoBrute",32,4,0.001934051513671875,7
"g1","SingleSourceAlgoBrute",32,5,0.002490520477294922,18
"g1","SingleSourceAlgoBrute",32,6,0.0017888545989990234,6
"g1","SingleSourceAlgoBrute",32,7,0.004281759262084961,15
"g1","SingleSourceAlgoBrute",32,8,0.0018329620361328125,2
"g1","SingleSourceAlgoBrute",32,9,0.0018620491027832031,2
"g1","SingleSourceAlgoBrute",32,10,0.0017571449279785156,5
"g1","SingleSourceAlgoBrute",32,11,0.006441831588745117,23
"g1","SingleSourceAlgoBrute",32,12,0.0010590553283691406,0
"g1","SingleSourceAlgoBrute",32,13,0.001783132553100586,5
"g1","SingleSourceAlgoBrute",32,14,0.001917123794555664,4
"g1","SingleSourceAlgoBrute",32,15,0.002780914306640625,4
"g1","SingleSourceAlgoBrute",32,16,0.0027408599853515625,7
"g1","SingleSourceAlgoBrute",32,17,0.007618904113769531,18
"g1","SingleSourceAlgoBrute",32,18,0.0010404586791992188,0
"g1","SingleSourceAlgoBrute",32,19,0.0019969940185546875,22
"g1","SingleSourceAlgoBrute",32,20,0.0010406970977783203,0
"g1","SingleSourceAlgoBrute",32,21,0.0018143653869628906,5
"g1","SingleSourceAlgoBrute",32,22,0.005959987640380859,25
"g1","SingleSourceAlgoBrute",32,23,0.0028367042541503906,3
"g1","SingleSourceAlgoBrute",32,24,0.0018951892852783203,1
"g1","SingleSourceAlgoBrute",32,25,0.0018727779388427734,3
"g1","SingleSourceAlgoBrute",32,26,0.003716707229614258,1
"g1","SingleSourceAlgoBrute",32,27,0.0018248558044433594,3
"g1","SingleSourceAlgoBrute",32,28,0.0018336772918701172,6
"g1","SingleSourceAlgoBrute",32,29,0.001764535903930664,2
"g1","SingleSourceAlgoBrute",32,30,0.0023093223571777344,16
"g1","SingleSourceAlgoBrute",32,31,0.0017616748809814453,3
"g1","SingleSourceAlgoBrute",32,32,0.0028061866760253906,2
"g1","SingleSourceAlgoBrute",32,33,0.0018203258514404297,7
"g1","SingleSourceAlgoBrute",32,34,0.0034182071685791016,6
"g1","SingleSourceAlgoBrute",32,35,0.001760244369506836,3
"g1","SingleSourceAlgoBrute",32,36,0.0032701492309570312,7
"g1","SingleSourceAlgoBrute",32,37,0.006769657135009766,16
"g1","SingleSourceAlgoBrute",32,38,0.0018851757049560547,10
"g1","SingleSourceAlgoBrute",32,39,0.0019114017486572266,8
"g1","SingleSourceAlgoBrute",32,40,0.001796722412109375,1
"g1","SingleSourceAlgoBrute",32,41,0.0009529590606689453,0
"g1","SingleSourceAlgoBrute",64,0,0.014782190322875977,48
"g1","SingleSourceAlgoBrute",64,1,0.0022568702697753906,2
"g1","SingleSourceAlgoBrute",64,2,0.0029282569885253906,25
"g1","SingleSourceAlgoBrute",64,3,0.005126237869262695,21
"g1","SingleSourceAlgoBrute",64,4,0.0022897720336914062,4
"g1","SingleSourceAlgoBrute",64,5,0.0069882869720458984,28
"g1","SingleSourceAlgoBrute",64,6,0.002154111862182617,5
"g1","SingleSourceAlgoBrute",64,7,0.003732919692993164,8
"g1","SingleSourceAlgoBrute",64,8,0.006641864776611328,25
"g1","SingleSourceAlgoBrute",64,9,0.0023856163024902344,22
"g1","SingleSourceAlgoBrute",64,10,0.0021941661834716797,5
"g1","SingleSourceAlgoBrute",64,11,0.006896495819091797,28
"g1","SingleSourceAlgoBrute",64,12,0.002391815185546875,4
"g1","SingleSourceAlgoBrute",64,13,0.004736661911010742,4
"g1","SingleSourceAlgoBrute",64,14,0.002206563949584961,8
"g1","SingleSourceAlgoBrute",64,15,0.002759695053100586,19
"g1","SingleSourceAlgoBrute",64,16,0.0034482479095458984,9
"g1","SingleSourceAlgoBrute",64,17,0.003962039947509766,9
"g1","SingleSourceAlgoBrute",64,18,0.00825357437133789,23
"g1","SingleSourceAlgoBrute",64,19,0.0023086071014404297,18
"g1","SingleSourceAlgoBrute",64,20,0.0018794536590576172,1
"g1","SingleSourceAlgoBrute",100,0,0.01532435417175293,48
"g1","SingleSourceAlgoBrute",100,1,0.0035257339477539062,28
"g1","SingleSourceAlgoBrute",100,2,0.005948305130004883,22
"g1","SingleSourceAlgoBrute",100,3,0.008254528045654297,30
"g1","SingleSourceAlgoBrute",100,4,0.004252195358276367,12
"g1","SingleSourceAlgoBrute",100,5,0.007645606994628906,26
"g1","SingleSourceAlgoBrute",100,6,0.0028231143951416016,26
"g1","SingleSourceAlgoBrute",100,7,0.008286237716674805,30
"g1","SingleSourceAlgoBrute",100,8,0.005780458450317383,7
"g1","SingleSourceAlgoBrute",100,9,0.003242969512939453,27
"g1","SingleSourceAlgoBrute",100,10,0.004050493240356445,9
"g1","SingleSourceAlgoBrute",100,11,0.005293846130371094,19
"g1","SingleSourceAlgoBrute",100,12,0.008550643920898438,32
"g1","SingleSourceAlgoBrute",100,13,0.0009815692901611328,0
"g1","SingleSourceAlgoBrute",500,0,0.02019643783569336,140
"g1","SingleSourceAlgoBrute",500,1,0.01652669906616211,116
"g1","SingleSourceAlgoBrute",500,2,0.01097416877746582,60
"g1","SingleSourceAlgoBrute",1000,0,0.02722311019897461,256
"g1","SingleSourceAlgoBrute",1000,1,0.011019468307495117,60
"g1","SingleSourceAlgoBrute",5000,0,0.021142244338989258,316
"g1","SingleSourceAlgoBrute",10000,0,0.020724773406982422,316
"g1","SingleSourceAlgoBrute",1323,0,0.020797014236450195,316
"g2","SingleSourceAlgoOpt",16,0,0.0006864070892333984,3
"g2","SingleSourceAlgoOpt",16,1,0.0003161430358886719,6
"g2","SingleSourceAlgoOpt",16,2,0.0010726451873779297,2
"g2","SingleSourceAlgoOpt",16,3,0.0006778240203857422,6
"g2","SingleSourceAlgoOpt",16,4,0.00035262107849121094,0
"g2","SingleSourceAlgoOpt",16,5,0.00031185150146484375,2
"g2","SingleSourceAlgoOpt",16,6,0.0003094673156738281,1
"g2","SingleSourceAlgoOpt",16,7,0.0006392002105712891,2
"g2","SingleSourceAlgoOpt",16,8,0.00031256675720214844,5
"g2","SingleSourceAlgoOpt",16,9,0.0005271434783935547,3
"g2","SingleSourceAlgoOpt",16,10,0.0003135204315185547,1
"g2","SingleSourceAlgoOpt",16,11,0.0003101825714111328,2
"g2","SingleSourceAlgoOpt",16,12,0.0007050037384033203,5
"g2","SingleSourceAlgoOpt",16,13,0.0003407001495361328,3
"g2","SingleSourceAlgoOpt",16,14,0.0003097057342529297,1
"g2","SingleSourceAlgoOpt",16,15,0.0014944076538085938,5
"g2","SingleSourceAlgoOpt",16,16,0.0006039142608642578,2
"g2","SingleSourceAlgoOpt",16,17,0.00031256675720214844,3
"g2","SingleSourceAlgoOpt",16,18,0.00030875205993652344,1
"g2","SingleSourceAlgoOpt",16,19,0.0006241798400878906,4
"g2","SingleSourceAlgoOpt",16,20,0.0003707408905029297,1
"g2","SingleSourceAlgoOpt",16,21,0.0005350112915039062,4
"g2","SingleSourceAlgoOpt",16,22,0.00031065940856933594,1
"g2","SingleSourceAlgoOpt",16,23,0.0013675689697265625,4
"g2","SingleSourceAlgoOpt",16,24,0.0003161430358886719,5
"g2","SingleSourceAlgoOpt",16,25,0.0003311634063720703,2
"g2","SingleSourceAlgoOpt",16,26,0.0003104209899902344,2
"g2","SingleSourceAlgoOpt",16,27,0.0006709098815917969,2
"g2","SingleSourceAlgoOpt",16,28,0.00031256675720214844,4
"g2","SingleSourceAlgoOpt",16,29,0.00030875205993652344,2
"g2","SingleSourceAlgoOpt",16,30,0.0008509159088134766,8
"g2","SingleSourceAlgoOpt",16,31,0.0005464553833007812,1
"g2","SingleSourceAlgoOpt",16,32,0.0009045600891113281,6
"g2","SingleSourceAlgoOpt",16,33,0.00031256675720214844,4
"g2","SingleSourceAlgoOpt",16,34,0.00031638145446777344,3
"g2","SingleSourceAlgoOpt",16,35,0.0006279945373535156,4
"g2","SingleSourceAlgoOpt",16,36,0.0003135204315185547,6
"g2","SingleSourceAlgoOpt",16,37,0.0003097057342529297,3
"g2","SingleSourceAlgoOpt",16,38,0.0003094673156738281,4
"g2","SingleSourceAlgoOpt",16,39,0.0003075599670410156,2
"g2","SingleSourceAlgoOpt",16,40,0.00030875205993652344,2
"g2","SingleSourceAlgoOpt",16,41,0.0003077983856201172,2
"g2","SingleSourceAlgoOpt",16,42,0.0006165504455566406,2
"g2","SingleSourceAlgoOpt",16,43,0.0006914138793945312,2
"g2","SingleSourceAlgoOpt",16,44,0.00031256675720214844,1
"g2","SingleSourceAlgoOpt",16,45,0.001695394515991211,2
"g2","SingleSourceAlgoOpt",16,46,0.0003147125244140625,1
"g2","SingleSourceAlgoOpt",16,47,0.0009827613830566406,2
"g2","SingleSourceAlgoOpt",16,48,0.0006823539733886719,2
"g2","SingleSourceAlgoOpt",16,49,0.0003135204315185547,1
"g2","SingleSourceAlgoOpt",16,50,0.0005729198455810547,2
"g2","SingleSourceAlgoOpt",16,51,0.000583648681640625,3
"g2","SingleSourceAlgoOpt",16,52,0.0012564659118652344,3
"g2","SingleSourceAlgoOpt",16,53,0.00031375885009765625,1
"g2","SingleSourceAlgoOpt",16,54,0.0003113746643066406,1
"g2","SingleSourceAlgoOpt",16,55,0.00030922889709472656,3
"g2","SingleSourceAlgoOpt",16,56,0.0006177425384521484,1
"g2","SingleSourceAlgoOpt",16,57,0.0003132820129394531,2
"g2","SingleSourceAlgoOpt",16,58,0.00031280517578125,3
"g2","SingleSourceAlgoOpt",16,59,0.0005254745483398438,1
"g2","SingleSourceAlgoOpt",16,60,0.0003104209899902344,1
"g2","SingleSourceAlgoOpt",16,61,0.00034999847412109375,0
"g2","SingleSourceAlgoOpt",16,62,0.0005316734313964844,2
"g2","SingleSourceAlgoOpt",16,63,0.00031065940856933594,3
"g2","SingleSourceAlgoOpt",16,64,0.000885009765625,0
"g2","SingleSourceAlgoOpt",16,65,0.0005371570587158203,2
"g2","SingleSourceAlgoOpt",16,66,0.0005347728729248047,7
"g2","SingleSourceAlgoOpt",16,67,0.0003123283386230469,1
"g2","SingleSourceAlgoOpt",16,68,0.0003104209899902344,1
"g2","SingleSourceAlgoOpt",16,69,0.0016720294952392578,2
"g2","SingleSourceAlgoOpt",16,70,0.00032258033752441406,2
"g2","SingleSourceAlgoOpt",16,71,0.0005314350128173828,1
"g2","SingleSourceAlgoOpt",16,72,0.001046895980834961,1
"g2","SingleSourceAlgoOpt",16,73,0.0005970001220703125,2
"g2","SingleSourceAlgoOpt",16,74,0.0003142356872558594,3
"g2","SingleSourceAlgoOpt",16,75,0.0030455589294433594,4
"g2","SingleSourceAlgoOpt",16,76,0.0005657672882080078,3
"g2","SingleSourceAlgoOpt",16,77,0.0005941390991210938,4
"g2","SingleSourceAlgoOpt",16,78,0.0005536079406738281,3
"g2","SingleSourceAlgoOpt",16,79,0.00031185150146484375,5
"g2","SingleSourceAlgoOpt",16,80,0.0005309581756591797,2
"g2","SingleSourceAlgoOpt",16,81,0.0003142356872558594,0
"g2","SingleSourceAlgoOpt",16,82,0.0002772808074951172,3
"g2","SingleSourceAlgoOpt",32,0,0.0008628368377685547,9
"g2","SingleSourceAlgoOpt",32,1,0.001383066177368164,8
"g2","SingleSourceAlgoOpt",32,2,0.0004248619079589844,2
"g2","SingleSourceAlgoOpt",32,3,0.0008285045623779297,3
"g2","SingleSourceAlgoOpt",32,4,0.0006935596466064453,8
"g2","SingleSourceAlgoOpt",32,5,0.00042438507080078125,3
"g2","SingleSourceAlgoOpt",32,6,0.0008726119995117188,8
"g2","SingleSourceAlgoOpt",32,7,0.0018265247344970703,6
"g2","SingleSourceAlgoOpt",32,8,0.0007693767547607422,5
"g2","SingleSourceAlgoOpt",32,9,0.0007979869842529297,5
"g2","SingleSourceAlgoOpt",32,10,0.0007064342498779297,5
"g2","SingleSourceAlgoOpt",32,11,0.0016634464263916016,5
"g2","SingleSourceAlgoOpt",32,12,0.0004305839538574219,7
"g2","SingleSourceAlgoOpt",32,13,0.0008378028869628906,4
"g2","SingleSourceAlgoOpt",32,14,0.0004296302795410156,6
"g2","SingleSourceAlgoOpt",32,15,0.0011911392211914062,9
"g2","SingleSourceAlgoOpt",32,16,0.001157999038696289,10
"g2","SingleSourceAlgoOpt",32,17,0.0007979869842529297,7
"g2","SingleSourceAlgoOpt",32,18,0.0004265308380126953,9
"g2","SingleSourceAlgoOpt",32,19,0.00042247772216796875,6
"g2","SingleSourceAlgoOpt",32,20,0.0004208087921142578,4
"g2","SingleSourceAlgoOpt",32,21,0.0008797645568847656,4
"g2","SingleSourceAlgoOpt",32,22,0.001965045928955078,3
"g2","SingleSourceAlgoOpt",32,23,0.0013403892517089844,3
"g2","SingleSourceAlgoOpt",32,24,0.0009343624114990234,3
"g2","SingleSourceAlgoOpt",32,25,0.0009036064147949219,5
"g2","SingleSourceAlgoOpt",32,26,0.0016918182373046875,4
"g2","SingleSourceAlgoOpt",32,27,0.0004711151123046875,4
"g2","SingleSourceAlgoOpt",32,28,0.0008609294891357422,3
"g2","SingleSourceAlgoOpt",32,29,0.0007770061492919922,4
"g2","SingleSourceAlgoOpt",32,30,0.0004649162292480469,1
"g2","SingleSourceAlgoOpt",32,31,0.0007648468017578125,5
"g2","SingleSourceAlgoOpt",32,32,0.0012810230255126953,2
"g2","SingleSourceAlgoOpt",32,33,0.0007982254028320312,8
"g2","SingleSourceAlgoOpt",32,34,0.0018987655639648438,3
"g2","SingleSourceAlgoOpt",32,35,0.0007104873657226562,3
"g2","SingleSourceAlgoOpt",32,36,0.0015320777893066406,3
"g2","SingleSourceAlgoOpt",32,37,0.003332376480102539,7
"g2","SingleSourceAlgoOpt",32,38,0.0008029937744140625,7
"g2","SingleSourceAlgoOpt",32,39,0.0007262229919433594,8
"g2","SingleSourceAlgoOpt",32,40,0.0006961822509765625,2
"g2","SingleSourceAlgoOpt",32,41,0.0002799034118652344,3
"g2","SingleSourceAlgoOpt",64,0,0.0019378662109375,17
"g2","SingleSourceAlgoOpt",64,1,0.0011644363403320312,5
"g2","SingleSourceAlgoOpt",64,2,0.0010285377502441406,11
"g2","SingleSourceAlgoOpt",64,3,0.0025107860565185547,14
"g2","SingleSourceAlgoOpt",64,4,0.0012140274047851562,10
"g2","SingleSourceAlgoOpt",64,5,0.002271890640258789,10
"g2","SingleSourceAlgoOpt",64,6,0.0011739730834960938,11
"g2","SingleSourceAlgoOpt",64,7,0.001611948013305664,15
"g2","SingleSourceAlgoOpt",64,8,0.001756429672241211,17
"g2","SingleSourceAlgoOpt",64,9,0.0006468296051025391,15
"g2","SingleSourceAlgoOpt",64,10,0.0012173652648925781,8
"g2","SingleSourceAlgoOpt",64,11,0.002910614013671875,6
"g2","SingleSourceAlgoOpt",64,12,0.0013191699981689453,8
"g2","SingleSourceAlgoOpt",64,13,0.0021514892578125,8
"g2","SingleSourceAlgoOpt",64,14,0.0011434555053710938,7
"g2","SingleSourceAlgoOpt",64,15,0.0010373592376708984,6
"g2","SingleSourceAlgoOpt",64,16,0.001699686050415039,10
"g2","SingleSourceAlgoOpt",64,17,0.002384662628173828,6
"g2","SingleSourceAlgoOpt",64,18,0.0044634342193603516,10
"g2","SingleSourceAlgoOpt",64,19,0.0011768341064453125,15
"g2","SingleSourceAlgoOpt",64,20,0.0008165836334228516,5
"g2","SingleSourceAlgoOpt",100,0,0.0024154186248779297,19
"g2","SingleSourceAlgoOpt",100,1,0.0015988349914550781,15
"g2","SingleSourceAlgoOpt",100,2,0.003276348114013672,18
"g2","SingleSourceAlgoOpt",100,3,0.0031528472900390625,20
"g2","SingleSourceAlgoOpt",100,4,0.002122163772583008,20
"g2","SingleSourceAlgoOpt",100,5,0.00237274169921875,25
"g2","SingleSourceAlgoOpt",100,6,0.0015287399291992188,15
"g2","SingleSourceAlgoOpt",100,7,0.004014253616333008,10
"g2","SingleSourceAlgoOpt",100,8,0.003077983856201172,13
"g2","SingleSourceAlgoOpt",100,9,0.0015230178833007812,9
"g2","SingleSourceAlgoOpt",100,10,0.0021779537200927734,15
"g2","SingleSourceAlgoOpt",100,11,0.003206491470336914,11
"g2","SingleSourceAlgoOpt",100,12,0.004934549331665039,21
"g2","SingleSourceAlgoOpt",100,13,0.0003712177276611328,3
"g2","SingleSourceAlgoOpt",500,0,0.00885915756225586,92
"g2","SingleSourceAlgoOpt",500,1,0.009081602096557617,72
"g2","SingleSourceAlgoOpt",500,2,0.007401227951049805,50
"g2","SingleSourceAlgoOpt",1000,0,0.016484737396240234,164
"g2","SingleSourceAlgoOpt",1000,1,0.0073931217193603516,50
"g2","SingleSourceAlgoOpt",5000,0,0.01648998260498047,214
"g2","SingleSourceAlgoOpt",10000,0,0.016568899154663086,214
"g2","SingleSourceAlgoOpt",1323,0,0.01676177978515625,214
"geo","SingleSourceAlgoOpt",16,0,0.0004525184631347656,0
"geo","SingleSourceAlgoOpt",16,1,0.0003838539123535156,0
"geo","SingleSourceAlgoOpt",16,2,0.0003781318664550781,0
"geo","SingleSourceAlgoOpt",16,3,0.00037741661071777344,0
"geo","SingleSourceAlgoOpt",16,4,0.0003743171691894531,0
"geo","SingleSourceAlgoOpt",16,5,0.0003752708435058594,0
"geo","SingleSourceAlgoOpt",16,6,0.0003750324249267578,0
"geo","SingleSourceAlgoOpt",16,7,0.00038242340087890625,0
"geo","SingleSourceAlgoOpt",16,8,0.0003724098205566406,0
"geo","SingleSourceAlgoOpt",16,9,0.0003733634948730469,0
"geo","SingleSourceAlgoOpt",16,10,0.0003743171691894531,0
"geo","SingleSourceAlgoOpt",16,11,0.0003714561462402344,0
"geo","SingleSourceAlgoOpt",16,12,0.00037217140197753906,0
"geo","SingleSourceAlgoOpt",16,13,0.0003714561462402344,0
"geo","SingleSourceAlgoOpt",16,14,0.00037360191345214844,0
"geo","SingleSourceAlgoOpt",16,15,0.0003726482391357422,0
"geo","SingleSourceAlgoOpt",16,16,0.00037670135498046875,0
"geo","SingleSourceAlgoOpt",16,17,0.0003826618194580078,0
"geo","SingleSourceAlgoOpt",16,18,0.0003764629364013672,0
"geo","SingleSourceAlgoOpt",16,19,0.0003750324249267578,0
"geo","SingleSourceAlgoOpt",16,20,0.0003745555877685547,0
"geo","SingleSourceAlgoOpt",16,21,0.0003752708435058594,0
"geo","SingleSourceAlgoOpt",16,22,0.00037550926208496094,0
"geo","SingleSourceAlgoOpt",16,23,0.00037384033203125,0
"geo","SingleSourceAlgoOpt",16,24,0.00037670135498046875,0
"geo","SingleSourceAlgoOpt",16,25,0.0003840923309326172,0
"geo","SingleSourceAlgoOpt",16,26,0.0003840923309326172,0
"geo","SingleSourceAlgoOpt",16,27,0.0003898143768310547,0
"geo","SingleSourceAlgoOpt",16,28,0.0005340576171875,0
"geo","SingleSourceAlgoOpt",16,29,0.00037479400634765625,0
"geo","SingleSourceAlgoOpt",16,30,0.00037550926208496094,0
"geo","SingleSourceAlgoOpt",16,31,0.0003752708435058594,0
"geo","SingleSourceAlgoOpt",16,32,0.00037407875061035156,0
"geo","SingleSourceAlgoOpt",16,33,0.0003757476806640625,0
"geo","SingleSourceAlgoOpt",16,34,0.00037670135498046875,0
"geo","SingleSourceAlgoOpt",16,35,0.0003745555877685547,0
"geo","SingleSourceAlgoOpt",16,36,0.0004038810729980469,0
"geo","SingleSourceAlgoOpt",16,37,0.00037598609924316406,0
"geo","SingleSourceAlgoOpt",16,38,0.00037550926208496094,0
"geo","SingleSourceAlgoOpt",16,39,0.00037598609924316406,0
"geo","SingleSourceAlgoOpt",16,40,0.0003764629364013672,0
"geo","SingleSourceAlgoOpt",16,41,0.00037384033203125,0
"geo","SingleSourceAlgoOpt",16,42,0.00037479400634765625,0
"geo","SingleSourceAlgoOpt",16,43,0.00037384033203125,0
"geo","SingleSourceAlgoOpt",16,44,0.00037598609924316406,0
"geo","SingleSourceAlgoOpt",16,45,0.0003752708435058594,0
"geo","SingleSourceAlgoOpt",16,46,0.00039267539978027344,0
"geo","SingleSourceAlgoOpt",16,47,0.00037670135498046875,0
"geo","SingleSourceAlgoOpt",16,48,0.00037479400634765625,0
"geo","SingleSourceAlgoOpt",16,49,0.00037407875061035156,0
"geo","SingleSourceAlgoOpt",16,50,0.0003752708435058594,0
"geo","SingleSourceAlgoOpt",16,51,0.0003752708435058594,0
"geo","SingleSourceAlgoOpt",16,52,0.00037407875061035156,0
"geo","SingleSourceAlgoOpt",16,53,0.0003745555877685547,0
"geo","SingleSourceAlgoOpt",16,54,0.00037407875061035156,0
"geo","SingleSourceAlgoOpt",16,55,0.00037384033203125,0
"geo","SingleSourceAlgoOpt",16,56,0.0003771781921386719,0
"geo","SingleSourceAlgoOpt",16,57,0.0003750324249267578,0
"geo","SingleSourceAlgoOpt",16,58,0.00037360191345214844,0
"geo","SingleSourceAlgoOpt",16,59,0.0003724098205566406,0
"geo","SingleSourceAlgoOpt",16,60,0.0003724098205566406,0
"geo","SingleSourceAlgoOpt",16,61,0.0003719329833984375,0
"geo","SingleSourceAlgoOpt",16,62,0.00037169456481933594,0
"geo","SingleSourceAlgoOpt",16,63,0.00037288665771484375,0
"geo","SingleSourceAlgoOpt",16,64,0.00037407875061035156,0
"geo","SingleSourceAlgoOpt",16,65,0.0003743171691894531,0
"geo","SingleSourceAlgoOpt",16,66,0.0003745555877685547,0
"geo","SingleSourceAlgoOpt",16,67,0.00040268898010253906,0
"geo","SingleSourceAlgoOpt",16,68,0.0003714561462402344,0
"geo","SingleSourceAlgoOpt",16,69,0.0003731250762939453,0
"geo","SingleSourceAlgoOpt",16,70,0.00037288665771484375,0
"geo","SingleSourceAlgoOpt",16,71,0.0003724098205566406,0
"geo","SingleSourceAlgoOpt",16,72,0.00037384033203125,0
"geo","SingleSourceAlgoOpt",16,73,0.0003726482391357422,0
"geo","SingleSourceAlgoOpt",16,74,0.00037097930908203125,0
"geo","SingleSourceAlgoOpt",16,75,0.0003731250762939453,0
"geo","SingleSourceAlgoOpt",16,76,0.0003726482391357422,0
"geo","SingleSourceAlgoOpt",16,77,0.0003783702850341797,0
"geo","SingleSourceAlgoOpt",16,78,0.0003905296325683594,0
"geo","SingleSourceAlgoOpt",16,79,0.0003726482391357422,0
"geo","SingleSourceAlgoOpt",16,80,0.00037288665771484375,0
"geo","SingleSourceAlgoOpt",16,81,0.00037288665771484375,0
"geo","SingleSourceAlgoOpt",16,82,0.0003237724304199219,0
"geo","SingleSourceAlgoOpt",32,0,0.0006115436553955078,0
"geo","SingleSourceAlgoOpt",32,1,0.0005545616149902344,0
"geo","SingleSourceAlgoOpt",32,2,0.0005414485931396484,0
"geo","SingleSourceAlgoOpt",32,3,0.0005726814270019531,0
"geo","SingleSourceAlgoOpt",32,4,0.0005636215209960938,0
"geo","SingleSourceAlgoOpt",32,5,0.0005612373352050781,0
"geo","SingleSourceAlgoOpt",32,6,0.0005440711975097656,0
"geo","SingleSourceAlgoOpt",32,7,0.0005393028259277344,0
"geo","SingleSourceAlgoOpt",32,8,0.000545501708984375,0
"geo","SingleSourceAlgoOpt",32,9,0.000545501708984375,0
"geo","SingleSourceAlgoOpt",32,10,0.0005745887756347656,0
"geo","SingleSourceAlgoOpt",32,11,0.0005841255187988281,0
"geo","SingleSourceAlgoOpt",32,12,0.0005557537078857422,0
"geo","SingleSourceAlgoOpt",32,13,0.0005745887756347656,0
"geo","SingleSourceAlgoOpt",32,14,0.0005578994750976562,0
"geo","SingleSourceAlgoOpt",32,15,0.0005564689636230469,0
"geo","SingleSourceAlgoOpt",32,16,0.0005576610565185547,0
"geo","SingleSourceAlgoOpt",32,17,0.0005617141723632812,0
"geo","SingleSourceAlgoOpt",32,18,0.0005605220794677734,0
"geo","SingleSourceAlgoOpt",32,19,0.0005602836608886719,0
"geo","SingleSourceAlgoOpt",32,20,0.0005753040313720703,0
"geo","SingleSourceAlgoOpt",32,21,0.0005688667297363281,0
"geo","SingleSourceAlgoOpt",32,22,0.0005576610565185547,0
"geo","SingleSourceAlgoOpt",32,23,0.0005633831024169922,0
"geo","SingleSourceAlgoOpt",32,24,0.0005898475646972656,0
"geo","SingleSourceAlgoOpt",32,25,0.0005636215209960938,0
"geo","SingleSourceAlgoOpt",32,26,0.0005855560302734375,0
"geo","SingleSourceAlgoOpt",32,27,0.0005636215209960938,0
"geo","SingleSourceAlgoOpt",32,28,0.0005753040313720703,0
"geo","SingleSourceAlgoOpt",32,29,0.0005543231964111328,0
"geo","SingleSourceAlgoOpt",32,30,0.0005719661712646484,0
"geo","SingleSourceAlgoOpt",32,31,0.0005571842193603516,0
"geo","SingleSourceAlgoOpt",32,32,0.0005600452423095703,0
"geo","SingleSourceAlgoOpt",32,33,0.0005404949188232422,0
"geo","SingleSourceAlgoOpt",32,34,0.000545501708984375,0
"geo","SingleSourceAlgoOpt",32,35,0.00054168701171875,0
"geo","SingleSourceAlgoOpt",32,36,0.0005447864532470703,0
"geo","SingleSourceAlgoOpt",32,37,0.00054931640625,0
"geo","SingleSourceAlgoOpt",32,38,0.0005459785461425781,0
"geo","SingleSourceAlgoOpt",32,39,0.00054168701171875,0
"geo","SingleSourceAlgoOpt",32,40,0.0005407333374023438,0
"geo","SingleSourceAlgoOpt",32,41,0.000324249267578125,0
"geo","SingleSourceAlgoOpt",64,0,0.0009474754333496094,0
"geo","SingleSourceAlgoOpt",64,1,0.0008804798126220703,0
"geo","SingleSourceAlgoOpt",64,2,0.0008869171142578125,0
"geo","SingleSourceAlgoOpt",64,3,0.0008728504180908203,0
"geo","SingleSourceAlgoOpt",64,4,0.0008730888366699219,0
"geo","SingleSourceAlgoOpt",64,5,0.00087738037109375,0
"geo","SingleSourceAlgoOpt",64,6,0.0008838176727294922,0
"geo","SingleSourceAlgoOpt",64,7,0.0008783340454101562,0
"geo","SingleSourceAlgoOpt",64,8,0.0008795261383056641,0
"geo","SingleSourceAlgoOpt",64,9,0.0008766651153564453,0
"geo","SingleSourceAlgoOpt",64,10,0.0008740425109863281,0
"geo","SingleSourceAlgoOpt",64,11,0.0008876323699951172,0
"geo","SingleSourceAlgoOpt",64,12,0.0009093284606933594,0
"geo","SingleSourceAlgoOpt",64,13,0.000904083251953125,0
"geo","SingleSourceAlgoOpt",64,14,0.0008716583251953125,0
"geo","SingleSourceAlgoOpt",64,15,0.0009064674377441406,0
"geo","SingleSourceAlgoOpt",64,16,0.0008819103240966797,0
"geo","SingleSourceAlgoOpt",64,17,0.0008816719055175781,0
"geo","SingleSourceAlgoOpt",64,18,0.0008969306945800781,0
"geo","SingleSourceAlgoOpt",64,19,0.0008988380432128906,0
"geo","SingleSourceAlgoOpt",64,20,0.0006887912750244141,0
"geo","SingleSourceAlgoOpt",100,0,0.0013573169708251953,0
"geo","SingleSourceAlgoOpt",100,1,0.0012416839599609375,0
"geo","SingleSourceAlgoOpt",100,2,0.0012371540069580078,0
"geo","SingleSourceAlgoOpt",100,3,0.0012521743774414062,0
"geo","SingleSourceAlgoOpt",100,4,0.0012385845184326172,0
"geo","SingleSourceAlgoOpt",100,5,0.0012905597686767578,0
"geo","SingleSourceAlgoOpt",100,6,0.0012507438659667969,0
"geo","SingleSourceAlgoOpt",100,7,0.0012485980987548828,0
"geo","SingleSourceAlgoOpt",100,8,0.0012476444244384766,0
"geo","SingleSourceAlgoOpt",100,9,0.0012543201446533203,0
"geo","SingleSourceAlgoOpt",100,10,0.0012497901916503906,0
"geo","SingleSourceAlgoOpt",100,11,0.0012464523315429688,0
"geo","SingleSourceAlgoOpt",100,12,0.001268625259399414,0
"geo","SingleSourceAlgoOpt",100,13,0.000453948974609375,0
"geo","SingleSourceAlgoOpt",500,0,0.00545048713684082,0
"geo","SingleSourceAlgoOpt",500,1,0.005404472351074219,0
"geo","SingleSourceAlgoOpt",500,2,0.0036253929138183594,0
"geo","SingleSourceAlgoOpt",1000,0,0.010662317276000977,0
"geo","SingleSourceAlgoOpt",1000,1,0.003574371337890625,0
"geo","SingleSourceAlgoOpt",5000,0,0.014081716537475586,0
"geo","SingleSourceAlgoOpt",10000,0,0.013984203338623047,0
"geo","SingleSourceAlgoOpt",1323,0,0.01415395736694336,0
"g1","SingleSourceAlgoOpt",16,0,0.00426793098449707,16
"g1","SingleSourceAlgoOpt",16,1,0.0008323192596435547,0
"g1","SingleSourceAlgoOpt",16,2,0.023025989532470703,25
"g1","SingleSourceAlgoOpt",16,3,0.001539468765258789,7
"g1","SingleSourceAlgoOpt",16,4,0.0008313655853271484,0
"g1","SingleSourceAlgoOpt",16,5,0.0008497238159179688,0
"g1","SingleSourceAlgoOpt",16,6,0.0008401870727539062,0
"g1","SingleSourceAlgoOpt",16,7,0.0017457008361816406,2
"g1","SingleSourceAlgoOpt",16,8,0.0008337497711181641,0
"g1","SingleSourceAlgoOpt",16,9,0.0017163753509521484,7
"g1","SingleSourceAlgoOpt",16,10,0.0033245086669921875,18
"g1","SingleSourceAlgoOpt",16,11,0.0008420944213867188,0
"g1","SingleSourceAlgoOpt",16,12,0.0015912055969238281,6
"g1","SingleSourceAlgoOpt",16,13,0.0008330345153808594,0
"g1","SingleSourceAlgoOpt",16,14,0.001756429672241211,7
"g1","SingleSourceAlgoOpt",16,15,0.003755331039428711,8
"g1","SingleSourceAlgoOpt",16,16,0.0016641616821289062,2
"g1","SingleSourceAlgoOpt",16,17,0.0008397102355957031,0
"g1","SingleSourceAlgoOpt",16,18,0.0008401870727539062,0
"g1","SingleSourceAlgoOpt",16,19,0.0017199516296386719,2
"g1","SingleSourceAlgoOpt",16,20,0.0008358955383300781,0
"g1","SingleSourceAlgoOpt",16,21,0.0015072822570800781,5
"g1","SingleSourceAlgoOpt",16,22,0.0008757114410400391,0
"g1","SingleSourceAlgoOpt",16,23,0.009273290634155273,23
"g1","SingleSourceAlgoOpt",16,24,0.0008382797241210938,0
"g1","SingleSourceAlgoOpt",16,25,0.0008416175842285156,0
"g1","SingleSourceAlgoOpt",16,26,0.0008440017700195312,0
"g1","SingleSourceAlgoOpt",16,27,0.0016345977783203125,5
"g1","SingleSourceAlgoOpt",16,28,0.0018932819366455078,4
"g1","SingleSourceAlgoOpt",16,29,0.0008332729339599609,0
"g1","SingleSourceAlgoOpt",16,30,0.0023293495178222656,3
"g1","SingleSourceAlgoOpt",16,31,0.0015583038330078125,1
"g1","SingleSourceAlgoOpt",16,32,0.002393484115600586,7
"g1","SingleSourceAlgoOpt",16,33,0.000835418701171875,0
"g1","SingleSourceAlgoOpt",16,34,0.0008366107940673828,0
"g1","SingleSourceAlgoOpt",16,35,0.010724306106567383,18
"g1","SingleSourceAlgoOpt",16,36,0.0008552074432373047,0
"g1","SingleSourceAlgoOpt",16,37,0.0008604526519775391,0
"g1","SingleSourceAlgoOpt",16,38,0.0019061565399169922,15
"g1","SingleSourceAlgoOpt",16,39,0.0016956329345703125,7
"g1","SingleSourceAlgoOpt",16,40,0.0008428096771240234,0
"g1","SingleSourceAlgoOpt",16,41,0.0008361339569091797,0
"g1","SingleSourceAlgoOpt",16,42,0.001519918441772461,2
"g1","SingleSourceAlgoOpt",16,43,0.001657724380493164,3
"g1","SingleSourceAlgoOpt",16,44,0.0008707046508789062,0
"g1","SingleSourceAlgoOpt",16,45,0.008503913879394531,25
"g1","SingleSourceAlgoOpt",16,46,0.0008432865142822266,0
"g1","SingleSourceAlgoOpt",16,47,0.0026235580444335938,3
"g1","SingleSourceAlgoOpt",16,48,0.0018420219421386719,1
"g1","SingleSourceAlgoOpt",16,49,0.0008404254913330078,0
"g1","SingleSourceAlgoOpt",16,50,0.0016095638275146484,2
"g1","SingleSourceAlgoOpt",16,51,0.0016262531280517578,1
"g1","SingleSourceAlgoOpt",16,52,0.0033392906188964844,1
"g1","SingleSourceAlgoOpt",16,53,0.0008542537689208984,0
"g1","SingleSourceAlgoOpt",16,54,0.0016665458679199219,3
"g1","SingleSourceAlgoOpt",16,55,0.0008375644683837891,0
"g1","SingleSourceAlgoOpt",16,56,0.0016627311706542969,6
"g1","SingleSourceAlgoOpt",16,57,0.0008401870727539062,0
"g1","SingleSourceAlgoOpt",16,58,0.0008406639099121094,0
"g1","SingleSourceAlgoOpt",16,59,0.0014979839324951172,2
"g1","SingleSourceAlgoOpt",16,60,0.0008363723754882812,0
"g1","SingleSourceAlgoOpt",16,61,0.002923727035522461,16
"g1","SingleSourceAlgoOpt",16,62,0.0014958381652832031,3
"g1","SingleSourceAlgoOpt",16,63,0.0008399486541748047,0
"g1","SingleSourceAlgoOpt",16,64,0.002411365509033203,1
"g1","SingleSourceAlgoOpt",16,65,0.001537322998046875,1
"g1","SingleSourceAlgoOpt",16,66,0.001500844955444336,5
"g1","SingleSourceAlgoOpt",16,67,0.001514434814453125,2
"g1","SingleSourceAlgoOpt",16,68,0.0008642673492431641,0
"g1","SingleSourceAlgoOpt",16,69,0.004130363464355469,6
"g1","SingleSourceAlgoOpt",16,70,0.0008463859558105469,0
"g1","SingleSourceAlgoOpt",16,71,0.00150299072265625,3
"g1","SingleSourceAlgoOpt",16,72,0.003047943115234375,6
"g1","SingleSourceAlgoOpt",16,73,0.0016646385192871094,1
"g1","SingleSourceAlgoOpt",16,74,0.0016055107116699219,3
"g1","SingleSourceAlgoOpt",16,75,0.010509014129638672,13
"g1","SingleSourceAlgoOpt",16,76,0.0015816688537597656,3
"g1","SingleSourceAlgoOpt",16,77,0.0016021728515625,7
"g1","SingleSourceAlgoOpt",16,78,0.0015397071838378906,5
"g1","SingleSourceAlgoOpt",16,79,0.0015041828155517578,3
"g1","SingleSourceAlgoOpt",16,80,0.0014984607696533203,1
"g1","SingleSourceAlgoOpt",16,81,0.0008449554443359375,0
"g1","SingleSourceAlgoOpt",16,82,0.0007519721984863281,0
"g1","SingleSourceAlgoOpt",32,0,0.004650115966796875,16
"g1","SingleSourceAlgoOpt",32,1,0.023942947387695312,32
"g1","SingleSourceAlgoOpt",32,2,0.0011200904846191406,0
"g1","SingleSourceAlgoOpt",32,3,0.0022726058959960938,2
"g1","SingleSourceAlgoOpt",32,4,0.0022242069244384766,7
"g1","SingleSourceAlgoOpt",32,5,0.0037984848022460938,18
"g1","SingleSourceAlgoOpt",32,6,0.0021467208862304688,6
"g1","SingleSourceAlgoOpt",32,7,0.005419254302978516,15
"g1","SingleSourceAlgoOpt",32,8,0.0021822452545166016,2
"g1","SingleSourceAlgoOpt",32,9,0.002228260040283203,2
"g1","SingleSourceAlgoOpt",32,10,0.002042531967163086,5
"g1","SingleSourceAlgoOpt",32,11,0.010283231735229492,23
"g1","SingleSourceAlgoOpt",32,12,0.0011546611785888672,0
"g1","SingleSourceAlgoOpt",32,13,0.0020902156829833984,5
"g1","SingleSourceAlgoOpt",32,14,0.002427339553833008,4
"g1","SingleSourceAlgoOpt",32,15,0.0032417774200439453,4
"g1","SingleSourceAlgoOpt",32,16,0.003123044967651367,7
"g1","SingleSourceAlgoOpt",32,17,0.011960268020629883,18
"g1","SingleSourceAlgoOpt",32,18,0.0011525154113769531,0
"g1","SingleSourceAlgoOpt",32,19,0.0026903152465820312,22
"g1","SingleSourceAlgoOpt",32,20,0.0011668205261230469,0
"g1","SingleSourceAlgoOpt",32,21,0.002168416976928711,5
"g1","SingleSourceAlgoOpt",32,22,0.009819746017456055,25
"g1","SingleSourceAlgoOpt",32,23,0.0035228729248046875,3
"g1","SingleSourceAlgoOpt",32,24,0.0023658275604248047,1
"g1","SingleSourceAlgoOpt",32,25,0.002291440963745117,3
"g1","SingleSourceAlgoOpt",32,26,0.004342794418334961,1
"g1","SingleSourceAlgoOpt",32,27,0.002165079116821289,3
"g1","SingleSourceAlgoOpt",32,28,0.002187013626098633,6
"g1","SingleSourceAlgoOpt",32,29,0.0020520687103271484,2
"g1","SingleSourceAlgoOpt",32,30,0.0034863948822021484,16
"g1","SingleSourceAlgoOpt",32,31,0.002065896987915039,3
"g1","SingleSourceAlgoOpt",32,32,0.003297567367553711,2
"g1","SingleSourceAlgoOpt",32,33,0.0021169185638427734,7
"g1","SingleSourceAlgoOpt",32,34,0.004979372024536133,6
"g1","SingleSourceAlgoOpt",32,35,0.002015829086303711,3
"g1","SingleSourceAlgoOpt",32,36,0.004194021224975586,7
"g1","SingleSourceAlgoOpt",32,37,0.011895895004272461,16
"g1","SingleSourceAlgoOpt",32,38,0.0021903514862060547,10
"g1","SingleSourceAlgoOpt",32,39,0.002173185348510742,8
"g1","SingleSourceAlgoOpt",32,40,0.0020923614501953125,1
"g1","SingleSourceAlgoOpt",32,41,0.0007567405700683594,0
"g1","SingleSourceAlgoOpt",64,0,0.030542612075805664,48
"g1","SingleSourceAlgoOpt",64,1,0.0033025741577148438,2
"g1","SingleSourceAlgoOpt",64,2,0.005011081695556641,25
"g1","SingleSourceAlgoOpt",64,3,0.0075511932373046875,21
"g1","SingleSourceAlgoOpt",64,4,0.0034332275390625,4
"g1","SingleSourceAlgoOpt",64,5,0.012000083923339844,28
"g1","SingleSourceAlgoOpt",64,6,0.0030701160430908203,5
"g1","SingleSourceAlgoOpt",64,7,0.005443096160888672,8
"g1","SingleSourceAlgoOpt",64,8,0.011370182037353516,25
"g1","SingleSourceAlgoOpt",64,9,0.003585338592529297,22
"g1","SingleSourceAlgoOpt",64,10,0.003175497055053711,5
"g1","SingleSourceAlgoOpt",64,11,0.011983871459960938,28
"g1","SingleSourceAlgoOpt",64,12,0.0037240982055664062,4
"g1","SingleSourceAlgoOpt",64,13,0.006771087646484375,4
"g1","SingleSourceAlgoOpt",64,14,0.003238677978515625,8
"g1","SingleSourceAlgoOpt",64,15,0.004530191421508789,19
"g1","SingleSourceAlgoOpt",64,16,0.004920005798339844,9
"g1","SingleSourceAlgoOpt",64,17,0.006398439407348633,9
"g1","SingleSourceAlgoOpt",64,18,0.015992164611816406,23
"g1","SingleSourceAlgoOpt",64,19,0.003718137741088867,18
"g1","SingleSourceAlgoOpt",64,20,0.0026197433471679688,1
"g1","SingleSourceAlgoOpt",100,0,0.031912803649902344,48
"g1","SingleSourceAlgoOpt",100,1,0.006453752517700195,28
"g1","SingleSourceAlgoOpt",100,2,0.010043859481811523,22
"g1","SingleSourceAlgoOpt",100,3,0.01498270034790039,30
"g1","SingleSourceAlgoOpt",100,4,0.007033109664916992,12
"g1","SingleSourceAlgoOpt",100,5,0.01372671127319336,26
"g1","SingleSourceAlgoOpt",100,6,0.004810810089111328,26
"g1","SingleSourceAlgoOpt",100,7,0.015294790267944336,30
"g1","SingleSourceAlgoOpt",100,8,0.009610414505004883,7
"g1","SingleSourceAlgoOpt",100,9,0.005864381790161133,27
"g1","SingleSourceAlgoOpt",100,10,0.006537437438964844,9
"g1","SingleSourceAlgoOpt",100,11,0.009174823760986328,19
"g1","SingleSourceAlgoOpt",100,12,0.016263961791992188,32
"g1","SingleSourceAlgoOpt",100,13,0.0009791851043701172,0
"g1","SingleSourceAlgoOpt",500,0,0.04644489288330078,140
"g1","SingleSourceAlgoOpt",500,1,0.0353085994720459,116
"g1","SingleSourceAlgoOpt",500,2,0.02416706085205078,60
"g1","SingleSourceAlgoOpt",1000,0,0.0657501220703125,256
"g1","SingleSourceAlgoOpt",1000,1,0.02364945411682129,60
"g1","SingleSourceAlgoOpt",5000,0,0.051126718521118164,316
"g1","SingleSourceAlgoOpt",10000,0,0.05099916458129883,316
"g1","SingleSourceAlgoOpt",1323,0,0.05073428153991699,316
